商品コード,カテゴリ名,商品名,販売価格,サイズ,カラー,在庫数
158051111,オロビアンコ,ショルダーバッグ Camelot デニム,35640,,ネイビー,1
158181111,オロビアンコ,メガネケース OBGC-006,7020,,ブラック,1
158181211,オロビアンコ,メガネケース OBGC-006,7020,,ブラウン,1
158181311,オロビアンコ,メガネケース OBGC-006,7020,,キャメル,1
136901211,ドレイクス,ネクタイ 無地,12960,,ブルー,4
158001111,ファーロ,ジップコインケース付き長財布スぺリオ カモフラージュ,37800,,ネイビー,4
158011111,ファーロ,マチあり名刺入れ カヴィロ カモフラージュ,15120,,ネイビー,3
158021111,ファーロ,レザークラッチバッグ アルテシ カモフラージュ,38880,,ネイビー,2
158151111,ファーロ,三方ジップファスナー長財布 サンテロ カモフラージュ,59400,,ネイビー,4
149081911,フェリージ,450/SA 名刺入れ クロコ型押し,16200,,004 レッド,2
158141111,フェリージ,9236/DS トートバッグ ナイロン,57240,,044 ネイビー・ネイビー,1
158031111,ブッテロ,B46 レザークラッチバッグ,32400,,ブラック,1
158031211,ブッテロ,B46 レザークラッチバッグ,32400,,ダークブラウン,1
158061111,フランコ・バッシ,ネクタイ ストライプ,18360,,ネイビー・ホワイト,3
158061211,フランコ・バッシ,ネクタイ ストライプ,18360,,ネイビー・ブルー,4
158071111,フランコ・バッシ,ネクタイ ストライプ,17280,,レッド・サックス,4
158071211,フランコ・バッシ,ネクタイ ストライプ,17280,,ブルー・サックス,4
158081111,フランコ・バッシ,ネクタイ ストライプ,18360,,ネイビー・カーキ,4
158081211,フランコ・バッシ,ネクタイ ストライプ,18360,,ネイビー・ブルー,4
158091111,フランコ・バッシ,ネクタイ 小紋,17280,,ネイビー・サックス,3
158091211,フランコ・バッシ,ネクタイ 小紋,17280,,ネイビー・ブルー,2
158101111,フランコ・バッシ,ネクタイ ストライプ 千鳥格子,17280,,ネイビー・ホワイト,2
158111111,フランコ・バッシ,ネクタイ ストライプ,17280,,レッド・サックス,4
158111211,フランコ・バッシ,ネクタイ ストライプ,17280,,ネイビー・サックス,4
158121111,フランコ・バッシ,ネクタイ ストライプ,17280,,ブルー・ベージュ,2
158121211,フランコ・バッシ,ネクタイ ストライプ,17280,,サックス・ネイビー,2
158131111,フランコ・バッシ,ネクタイ ストライプ,17280,,ネイビー・レッド,4
158131211,フランコ・バッシ,ネクタイ ストライプ,17280,,ネイビー・サックス,4
157291111,ホワイトハウスコックス,HolidayLine S7532 二つ折り財布,32400,,マリン・イエロー,2
157291211,ホワイトハウスコックス,HolidayLine S7532 二つ折り財布,32400,,ブラック・レッド,6
157291311,ホワイトハウスコックス,HolidayLine S7532 二つ折り財布,32400,,ハバナ・オレンジ,2
157291411,ホワイトハウスコックス,HolidayLine S7532 二つ折り財布,32400,,ネイビー・オレンジ,1
157301111,ホワイトハウスコックス,HolidayLine S7412 名刺入れ,17280,,マリン・イエロー,1
157301211,ホワイトハウスコックス,HolidayLine S7412 名刺入れ,17280,,ブラック・レッド,2
157301311,ホワイトハウスコックス,HolidayLine S7412 名刺入れ,17280,,ハバナ・オレンジ,2
157301411,ホワイトハウスコックス,HolidayLine S7412 名刺入れ,17280,,ネイビー・オレンジ,0
155581411,マッシモ,3442 2つ折りクラッチバッグ アルチェ,21600,,ブラウン,1
155581511,マッシモ,3442 2つ折りクラッチバッグ アルチェ,21600,,サンドベージュ,1
155581611,マッシモ,3442 2つ折りクラッチバッグ アルチェ,21600,,レッド,1
